{
  "project_info": {
    "project_number": "726967950463",
    "firebase_url": "https://compass-153ff.firebaseio.com",
    "project_id": "compass-153ff",
    "storage_bucket": "compass-153ff.appspot.com"
  },
  "client": [
    {
      "client_info": {
        "mobilesdk_app_id": "1:726967950463:android:996c9aca7ba8e7a9",
        "android_client_info": {
          "package_name": "com.darkweb.android.compass"
        }
      },
      "oauth_client": [
        {
          "client_id": "726967950463-6ubvpdmq8o2hq7jsvlg48ll90np7shri.apps.googleusercontent.com",
          "client_type": 1,
          "android_info": {
            "package_name": "com.darkweb.android.compass",
            "certificate_hash": "72c934ea8faae9265cf66530036189c37837ca65"
          }
        },
        {
          "client_id": "726967950463-cecpqkf49f26i9pkf2ehe6jit0h494qk.apps.googleusercontent.com",
          "client_type": 3
        }
      ],
      "api_key": [
        {
          "current_key": "AIzaSyAiOHTegk7XltKeyx5WWvF_p3VTMTiUOXE"
        }
      ],
      "services": {
        "analytics_service": {
          "status": 1
        },
        "appinvite_service": {
          "status": 2,
          "other_platform_oauth_client": [
            {
              "client_id": "726967950463-cecpqkf49f26i9pkf2ehe6jit0h494qk.apps.googleusercontent.com",
              "client_type": 3
            }
          ]
        },
        "ads_service": {
          "status": 2
        }
      }
    }
  ],
  "configuration_version": "1"
}